{"cameraMode":{"drawMode":0,"name":"Shaded","section":"Shading Mode"},"sceneLighting":true,"audioPlay":false,"sceneViewState":{"showFog":true,"showMaterialUpdate":true,"showSkybox":true,"showFlares":true,"showImageEffects":true,"showParticleSystems":true},"in2DMode":false,"pivot":{"x":12.82522964477539,"y":9.111053466796875,"z":2.9842329025268556},"rotation":{"x":-0.16668148338794709,"y":-0.6541534662246704,"z":0.1509641855955124,"w":-0.7222318053245544},"size":116.82099914550781,"orthographic":false}